"Reference","Qty","Value","DNP","Exclude from BOM","Exclude from Board","Exclude from Simulation","Exclude from Position Files","Footprint","Datasheet"
"BT1","1","Battery","","","","","${EXCLUDE_FROM_POS_FILES}","TerminalBlock_Phoenix:TerminalBlock_Phoenix_PT-1,5-2-3.5-H_1x02_P3.50mm_Horizontal",""
"C1","1","0.1","","","","","${EXCLUDE_FROM_POS_FILES}","Capacitor_SMD:C_0805_2012Metric_Pad1.18x1.45mm_HandSolder",""
"D1,D2,D3","3","L08R5000Q1","","","","","${EXCLUDE_FROM_POS_FILES}","LEDRD:LEDRD254W57D500H1070",""
"D4,D5,D6","3","1N4007","","","","","${EXCLUDE_FROM_POS_FILES}","Diode_THT:D_DO-41_SOD81_P10.16mm_Horizontal","http://www.vishay.com/docs/88503/1n4001.pdf"
"J1","1","Conn_01x04_Pin","","","","","${EXCLUDE_FROM_POS_FILES}","Connector_PinHeader_2.54mm:PinHeader_1x04_P2.54mm_Vertical",""
"LS1","1","Speaker","","","","","${EXCLUDE_FROM_POS_FILES}","Connector_PinHeader_2.54mm:PinHeader_1x02_P2.54mm_Vertical",""
"M1,M3","2","Motor_DC","","","","","${EXCLUDE_FROM_POS_FILES}","TerminalBlock_Phoenix:TerminalBlock_Phoenix_PT-1,5-2-3.5-H_1x02_P3.50mm_Horizontal",""
"M2","1","Motor_Servo","","","","","${EXCLUDE_FROM_POS_FILES}","Connector_PinHeader_2.54mm:PinHeader_1x03_P2.54mm_Vertical","http://forums.parallax.com/uploads/attachments/46831/74481.png"
"MK1","1","IM69D120","","","","","${EXCLUDE_FROM_POS_FILES}","Sensor_Audio:Infineon_PG-LLGA-5-1","https://www.infineon.com/dgdl/Infineon-IM69D120-DS-v01_00-EN.pdf?fileId=5546d462602a9dc801607a0e41a01a2b"
"Q1,Q3","2","AO3400A","","","","","${EXCLUDE_FROM_POS_FILES}","Package_TO_SOT_SMD:SOT-23","http://www.aosmd.com/pdfs/datasheet/AO3400A.pdf"
"Q2","1","2N2219","","","","","${EXCLUDE_FROM_POS_FILES}","Package_TO_SOT_THT:TO-39-3","http://www.onsemi.com/pub_link/Collateral/2N2219-D.PDF"
"R1,R2,R3","3","220","","","","","${EXCLUDE_FROM_POS_FILES}","Resistor_THT:R_Axial_DIN0204_L3.6mm_D1.6mm_P5.08mm_Horizontal",""
"R4","1","1000","","","","","${EXCLUDE_FROM_POS_FILES}","Resistor_THT:R_Axial_DIN0204_L3.6mm_D1.6mm_P5.08mm_Horizontal",""
"R5","1","10000","","","","","${EXCLUDE_FROM_POS_FILES}","Resistor_THT:R_Axial_DIN0204_L3.6mm_D1.6mm_P5.08mm_Horizontal",""
"U2","1","XIAO-RP2040-SMD","","","","","${EXCLUDE_FROM_POS_FILES}","XIAO:XIAO-RP2040-DIP",""
